Employee Name,Job Title,Base Pay,Overtime Pay,Other Pay,Benefits,Total Pay,Total Pay & Benefits,Year,Notes,Agency,Status
Sherine Smith,SUPERINTENDENT OF SCHOOLS,246071.00,0.00,0.00,22961.00,246071.00,269032.00,2014,,Laguna Beach Unified,""
Dean West,ASST SUPT BUSINESS SRVS,204091.00,0.00,0.00,29363.00,204091.00,233454.00,2014,,Laguna Beach Unified,""
Irene White,DIRECTOR SPECIAL EDUCATION,189641.00,0.00,0.00,21875.00,189641.00,211516.00,2014,,Laguna Beach Unified,""
Mark Dressler,MIDDLE SCHOOL TEACHER,175105.00,0.00,4966.00,20942.00,180071.00,201013.00,2014,,Laguna Beach Unified,""
Jennifer Salberg,MIDDLE SCH PRINCIPAL,175845.00,0.00,0.00,20700.00,175845.00,196545.00,2014,,Laguna Beach Unified,""
Christopher Duddy,ELEMENTARY PRINCIPAL,170988.00,0.00,0.00,20287.00,170988.00,191275.00,2014,,Laguna Beach Unified,""
Darlene Messinger,ASST SUPT INSTRUCTIONAL SRVS,165997.00,0.00,0.00,19872.00,165997.00,185869.00,2014,,Laguna Beach Unified,""
Leisa Winston,DIRECTOR HR/PUBLIC COMM,153710.00,0.00,0.00,17583.00,153710.00,171293.00,2014,,Laguna Beach Unified,""
Robert Billinger,HIGH SCH ASSISTANT PRINCIPAL,157692.00,0.00,0.00,13423.00,157692.00,171115.00,2014,,Laguna Beach Unified,""
James Garvey,HIGH SCHOOL TEACHER,145565.00,0.00,6576.00,18581.00,152141.00,170722.00,2014,,Laguna Beach Unified,""
Odile Dewar,HIGH SCHOOL TEACHER,151722.00,0.00,-126.00,14817.00,151596.00,166413.00,2014,,Laguna Beach Unified,""
Joanne Culverhouse,HIGH SCHOOL PRINCIPAL,144576.00,0.00,8699.00,12894.00,153275.00,166169.00,2014,,Laguna Beach Unified,""
Linda Barker,TEACHER ON SPECIAL ASSIGNMENT,139969.00,0.00,10025.00,15887.00,149994.00,165881.00,2014,,Laguna Beach Unified,""
Scott Wittkop,HIGH SCHOOL TEACHER,124233.00,0.00,23670.00,17022.00,147903.00,164925.00,2014,,Laguna Beach Unified,""
Anastasia Quirarte,MIDDLE SCHOOL TEACHER,139030.00,0.00,5852.00,18008.00,144882.00,162890.00,2014,,Laguna Beach Unified,""
Shannon Soto-Veeh,DIRECTOR FISCAL SERVICES,141037.00,0.00,0.00,16494.00,141037.00,157531.00,2014,,Laguna Beach Unified,""
Joseph Vidal,MIDDLE SCH ASSISTANT PRINCIPAL,138448.00,0.00,0.00,16313.00,138448.00,154761.00,2014,,Laguna Beach Unified,""
Wendy Hughes,MIDDLE SCHOOL TEACHER,133516.00,0.00,1721.00,17183.00,135237.00,152420.00,2014,,Laguna Beach Unified,""
Linda Hill-Lindsay,MIDDLE SCHOOL TEACHER,133157.00,0.00,1000.00,17088.00,134157.00,151245.00,2014,,Laguna Beach Unified,""
Jose Gonzalez,HIGH SCHOOL TEACHER,132932.00,0.00,-126.00,16941.00,132806.00,149747.00,2014,,Laguna Beach Unified,""
Michelle Foster,RESOURCE SPECIALIST TEACHER,131688.00,0.00,1721.00,15758.00,133409.00,149167.00,2014,,Laguna Beach Unified,""
Scott Finn,HIGH SCHOOL TEACHER,103811.00,0.00,28014.00,16912.00,131825.00,148737.00,2014,,Laguna Beach Unified,""
Parta Perkins,HIGH SCHOOL TEACHER,131745.00,0.00,0.00,16858.00,131745.00,148603.00,2014,,Laguna Beach Unified,""
Linda Erickson,MIDDLE SCHOOL TEACHER,131299.00,0.00,2177.00,14959.00,133476.00,148435.00,2014,,Laguna Beach Unified,""
Lila Samia,SCHOOL PSYCHOLOGIST,134116.00,0.00,0.00,13427.00,134116.00,147543.00,2014,,Laguna Beach Unified,""
Mary Blanton,ELEMENTARY SCHOOL TEACHER,130708.00,0.00,0.00,16784.00,130708.00,147492.00,2014,,Laguna Beach Unified,""
Lisa Brackez,HIGH SCH ASSISTANT PRINCIPAL,131238.00,0.00,0.00,15668.00,131238.00,146906.00,2014,,Laguna Beach Unified,""
David Brobeck,HIGH SCHOOL TEACHER,130928.00,0.00,0.00,15545.00,130928.00,146473.00,2014,,Laguna Beach Unified,""
Jami Parsons,COUNSELOR,130619.00,0.00,2401.00,13295.00,133020.00,146315.00,2014,,Laguna Beach Unified,""
Ina Inouye,MIDDLE SCHOOL TEACHER,123456.00,0.00,3014.00,16401.00,126470.00,142871.00,2014,,Laguna Beach Unified,""
Marilyn Beauchemin,ELEMENTARY SCHOOL TEACHER,125751.00,0.00,3571.00,12935.00,129322.00,142257.00,2014,,Laguna Beach Unified,""
Steven Bogusiewicz,HIGH SCHOOL TEACHER,126579.00,0.00,0.00,15211.00,126579.00,141790.00,2014,,Laguna Beach Unified,""
Andrew Crisp,MIDDLE SCHOOL TEACHER,127330.00,0.00,0.00,13945.00,127330.00,141275.00,2014,,Laguna Beach Unified,""
Elizabeth Weinell,RESOURCE SPECIALIST TEACHER,125981.00,0.00,0.00,15122.00,125981.00,141103.00,2014,,Laguna Beach Unified,""
Paul Matheson,MIDDLE SCHOOL TEACHER,125978.00,0.00,0.00,15101.00,125978.00,141079.00,2014,,Laguna Beach Unified,""
Teryl Campbell,ELEMENTARY SCHOOL TEACHER,126596.00,0.00,1376.00,13051.00,127972.00,141023.00,2014,,Laguna Beach Unified,""
Luisa Martinez,SCHOOL PSYCHOLOGIST,125617.00,0.00,0.00,14386.00,125617.00,140003.00,2014,,Laguna Beach Unified,""
Roberta Goodman,ELEMENTARY SCHOOL TEACHER,124462.00,0.00,0.00,14196.00,124462.00,138658.00,2014,,Laguna Beach Unified,""
Kathleen Vick,ELEMENTARY SCHOOL TEACHER,125877.00,0.00,0.00,12644.00,125877.00,138521.00,2014,,Laguna Beach Unified,""
Gary Shapiro,HIGH SCHOOL TEACHER,125562.00,0.00,0.00,12616.00,125562.00,138178.00,2014,,Laguna Beach Unified,""
Steven Lalim,MIDDLE SCHOOL TEACHER,99654.00,0.00,22359.00,16048.00,122013.00,138061.00,2014,,Laguna Beach Unified,""
Jonathan Hendrickson,HIGH SCHOOL TEACHER,117081.00,0.00,5939.00,14918.00,123020.00,137938.00,2014,,Laguna Beach Unified,""
Bret Fleming,HIGH SCHOOL TEACHER,107602.00,0.00,13805.00,15979.00,121407.00,137386.00,2014,,Laguna Beach Unified,""
Melinda Hawkins,SPECIAL DAY CLASS TEACHER,121947.00,0.00,0.00,14792.00,121947.00,136739.00,2014,,Laguna Beach Unified,""
Sarah Benson,HIGH SCHOOL TEACHER,121101.00,0.00,1721.00,13596.00,122822.00,136418.00,2014,,Laguna Beach Unified,""
Debbie Finnerty,ELEMENTARY SCHOOL TEACHER,120196.00,0.00,0.00,15883.00,120196.00,136079.00,2014,,Laguna Beach Unified,""
Debra Appel,SUPERVISOR NUTRITION SERVICES,93756.00,0.00,26651.00,15345.00,120407.00,135752.00,2014,,Laguna Beach Unified,""
Grace Jones,SCHOOL PSYCHOLOGIST,120698.00,0.00,0.00,14774.00,120698.00,135472.00,2014,,Laguna Beach Unified,""
Richard Selin,MIDDLE SCHOOL TEACHER,119408.00,0.00,0.00,15817.00,119408.00,135225.00,2014,,Laguna Beach Unified,""
Michael Churchill,ATHLETIC DIRECTOR,111577.00,0.00,11137.00,12035.00,122714.00,134749.00,2014,,Laguna Beach Unified,""
Susan Dick,ELEMENTARY SCHOOL TEACHER,118922.00,0.00,1721.00,13882.00,120643.00,134525.00,2014,,Laguna Beach Unified,""
Leah Prettyman,MIDDLE SCHOOL TEACHER,123602.00,0.00,0.00,10863.00,123602.00,134465.00,2014,,Laguna Beach Unified,""
Jennifer Demark,COUNSELOR,120364.00,0.00,0.00,13387.00,120364.00,133751.00,2014,,Laguna Beach Unified,""
Jun Shen,HIGH SCHOOL TEACHER,119488.00,0.00,701.00,13381.00,120189.00,133570.00,2014,,Laguna Beach Unified,""
Mary Minerman,ELEMENTARY SCHOOL TEACHER,120786.00,0.00,0.00,12222.00,120786.00,133008.00,2014,,Laguna Beach Unified,""
Elizabeth Harris,RESOURCE SPECIALIST TEACHER,115298.00,0.00,1721.00,15608.00,117019.00,132627.00,2014,,Laguna Beach Unified,""
Dustin Gowan,RESOURCE SPECIALIST TEACHER,116058.00,0.00,1721.00,14441.00,117779.00,132220.00,2014,,Laguna Beach Unified,""
Cheryl Beehan,ELEMENTARY SCHOOL TEACHER,119647.00,0.00,0.00,12116.00,119647.00,131763.00,2014,,Laguna Beach Unified,""
Michael Bair,MIDDLE SCHOOL TEACHER,99934.00,0.00,16054.00,15516.00,115988.00,131504.00,2014,,Laguna Beach Unified,""
Penny Herrick-Dressler,MIDDLE SCHOOL TEACHER,115010.00,0.00,838.00,15536.00,115848.00,131384.00,2014,,Laguna Beach Unified,""
Karen Hogrebe,ELEMENTARY SCHOOL TEACHER,118505.00,0.00,0.00,12018.00,118505.00,130523.00,2014,,Laguna Beach Unified,""
Alonda Hartford,HIGH SCHOOL TEACHER,115739.00,0.00,0.00,14309.00,115739.00,130048.00,2014,,Laguna Beach Unified,""
Michelle Martinez,MIDDLE SCHOOL TEACHER,114722.00,0.00,870.00,14288.00,115592.00,129880.00,2014,,Laguna Beach Unified,""
Maria Hoffman,MIDDLE SCHOOL TEACHER,114433.00,0.00,0.00,15399.00,114433.00,129832.00,2014,,Laguna Beach Unified,""
Michael Morrison,CHIEF TECHNOLOGY OFFICER,113677.00,0.00,0.00,15501.00,113677.00,129178.00,2014,,Laguna Beach Unified,""
Ruth Hansen,ELEMENTARY SCHOOL TEACHER,117203.00,0.00,0.00,11526.00,117203.00,128729.00,2014,,Laguna Beach Unified,""
Brian Kull,ELEMENTARY SCHOOL TEACHER,111532.00,0.00,1721.00,15313.00,113253.00,128566.00,2014,,Laguna Beach Unified,""
Patriciajoan Rabun,ELEMENTARY SCHOOL TEACHER,111958.00,0.00,123.00,15191.00,112081.00,127272.00,2014,,Laguna Beach Unified,""
Valorie Quigley,HIGH SCHOOL TEACHER,114306.00,0.00,0.00,12857.00,114306.00,127163.00,2014,,Laguna Beach Unified,""
Cynthia Sorensen,HIGH SCHOOL TEACHER,111865.00,0.00,0.00,15200.00,111865.00,127065.00,2014,,Laguna Beach Unified,""
Christine Wagner,ELEMENTARY SCHOOL TEACHER,110848.00,0.00,870.00,15160.00,111718.00,126878.00,2014,,Laguna Beach Unified,""
Carolen Sadler,HIGH SCHOOL TEACHER,108772.00,0.00,2750.00,15149.00,111522.00,126671.00,2014,,Laguna Beach Unified,""
Cheri David,ELEMENTARY SCHOOL TEACHER,114507.00,0.00,0.00,11679.00,114507.00,126186.00,2014,,Laguna Beach Unified,""
Nancy Mooers,HIGH SCHOOL TEACHER,111951.00,0.00,851.00,12722.00,112802.00,125524.00,2014,,Laguna Beach Unified,""
Sandra Johnson,HIGH SCHOOL TEACHER,111600.00,0.00,0.00,13915.00,111600.00,125515.00,2014,,Laguna Beach Unified,""
Kerry Pellow,HIGH SCHOOL TEACHER,110382.00,0.00,0.00,15058.00,110382.00,125440.00,2014,,Laguna Beach Unified,""
Tamara Bonneville,MIDDLE SCHOOL TEACHER,112300.00,0.00,-105.00,13165.00,112195.00,125360.00,2014,,Laguna Beach Unified,""
Kelly Skon,MIDDLE SCHOOL TEACHER,111589.00,0.00,422.00,13155.00,112011.00,125166.00,2014,,Laguna Beach Unified,""
Randi Beckley,MIDDLE SCHOOL TEACHER,110434.00,0.00,335.00,13852.00,110769.00,124621.00,2014,,Laguna Beach Unified,""
Kristin Cowles,HIGH SCHOOL TEACHER,109502.00,0.00,0.00,15006.00,109502.00,124508.00,2014,,Laguna Beach Unified,""
Sara Perrault-Hopper,SPEECH LANGUAGE PATHOLOGIST,110049.00,0.00,0.00,13790.00,110049.00,123839.00,2014,,Laguna Beach Unified,""
Laura Silver,MIDDLE SCHOOL TEACHER,110480.00,0.00,1675.00,11478.00,112155.00,123633.00,2014,,Laguna Beach Unified,""
Denise Grey,ELEMENTARY SCHOOL TEACHER,108877.00,0.00,851.00,13762.00,109728.00,123490.00,2014,,Laguna Beach Unified,""
Launa Nacion-Kirkey,SPECIAL DAY CLASS TEACHER,108487.00,0.00,0.00,14897.00,108487.00,123384.00,2014,,Laguna Beach Unified,""
Perry Dixon,MIDDLE SCHOOL TEACHER,111908.00,0.00,1838.00,9384.00,113746.00,123130.00,2014,,Laguna Beach Unified,""
Nance Morrissey,COUNSELOR,110088.00,0.00,0.00,13026.00,110088.00,123114.00,2014,,Laguna Beach Unified,""
Steven Sogo,HIGH SCHOOL TEACHER,111446.00,0.00,0.00,11655.00,111446.00,123101.00,2014,,Laguna Beach Unified,""
Kim Adams,SPECIAL DAY CLASS TEACHER,109694.00,0.00,0.00,12462.00,109694.00,122156.00,2014,,Laguna Beach Unified,""
Gretchen Sjule,ELEMENTARY SCHOOL TEACHER,106256.00,0.00,851.00,14785.00,107107.00,121892.00,2014,,Laguna Beach Unified,""
Rosie Haynes,ELEMENTARY SCHOOL TEACHER,109164.00,0.00,0.00,12411.00,109164.00,121575.00,2014,,Laguna Beach Unified,""
Janet Steele,HIGH SCHOOL TEACHER,108785.00,0.00,350.00,12407.00,109135.00,121542.00,2014,,Laguna Beach Unified,""
Jonathan Todd,HIGH SCHOOL TEACHER,104544.00,0.00,1339.00,14671.00,105883.00,120554.00,2014,,Laguna Beach Unified,""
Tamara Wong,ELEMENTARY SCHOOL TEACHER,105607.00,0.00,0.00,14650.00,105607.00,120257.00,2014,,Laguna Beach Unified,""
Richard Hartford,ELEMENTARY MUSIC TEACHER,105894.00,0.00,477.00,13468.00,106371.00,119839.00,2014,,Laguna Beach Unified,""
Liv Adams,ELEMENTARY SCHOOL TEACHER,106227.00,0.00,0.00,13476.00,106227.00,119703.00,2014,,Laguna Beach Unified,""
Lisa Williams,ELEMENTARY SCHOOL TEACHER,106287.00,0.00,0.00,12667.00,106287.00,118954.00,2014,,Laguna Beach Unified,""
Megan Bartlett,ELEMENTARY SCHOOL TEACHER,100155.00,0.00,3991.00,14526.00,104146.00,118672.00,2014,,Laguna Beach Unified,""
Halle Davidson,ELEMENTARY SCHOOL TEACHER,103768.00,0.00,250.00,14513.00,104018.00,118531.00,2014,,Laguna Beach Unified,""
Mark Alvarez,HIGH SCHOOL TEACHER,102367.00,0.00,870.00,14474.00,103237.00,117711.00,2014,,Laguna Beach Unified,""
Triana Ramazan,ELEMENTARY SCHOOL TEACHER,102151.00,0.00,2051.00,13284.00,104202.00,117486.00,2014,,Laguna Beach Unified,""
Ron Lamotte,ELEMENTARY PRINCIPAL,99955.00,0.00,8625.00,8875.00,108580.00,117455.00,2014,,Laguna Beach Unified,""
James Brusky,HIGH SCHOOL TEACHER,102554.00,0.00,1391.00,13260.00,103945.00,117205.00,2014,,Laguna Beach Unified,""
Jamie Jameson,ELEMENTARY SCHOOL TEACHER,101781.00,0.00,851.00,14402.00,102632.00,117034.00,2014,,Laguna Beach Unified,""
Rod Ortiz,HIGH SCHOOL TEACHER,106632.00,0.00,1240.00,8817.00,107872.00,116689.00,2014,,Laguna Beach Unified,""
Sean Mehegan,HIGH SCHOOL TEACHER,104270.00,0.00,0.00,12003.00,104270.00,116273.00,2014,,Laguna Beach Unified,""
Kathleen Levan,ELEMENTARY SCHOOL TEACHER,100421.00,0.00,0.00,14208.00,100421.00,114629.00,2014,,Laguna Beach Unified,""
Azadeh Baghai,ELEMENTARY SCHOOL TEACHER,100441.00,0.00,3207.00,10385.00,103648.00,114033.00,2014,,Laguna Beach Unified,""
Tracey Slater,SPEECH LANGUAGE PATHOLOGIST,99273.00,0.00,0.00,14126.00,99273.00,113399.00,2014,,Laguna Beach Unified,""
Pamela Majd,SCHOOL NURSE,99129.00,0.00,0.00,14132.00,99129.00,113261.00,2014,,Laguna Beach Unified,""
Kimberly Rood,HIGH SCHOOL TEACHER,100126.00,0.00,0.00,12948.00,100126.00,113074.00,2014,,Laguna Beach Unified,""
Cassandra Brooker,HIGH SCHOOL TEACHER,99975.00,0.00,0.00,12936.00,99975.00,112911.00,2014,,Laguna Beach Unified,""
Carl Nelson,MIDDLE SCHOOL TEACHER,98361.00,0.00,355.00,14084.00,98716.00,112800.00,2014,,Laguna Beach Unified,""
Angela Pilon,COUNSELOR,99338.00,0.00,500.00,12946.00,99838.00,112784.00,2014,,Laguna Beach Unified,""
Heather Besecker,ELEMENTARY SCHOOL TEACHER,98003.00,0.00,870.00,12837.00,98873.00,111710.00,2014,,Laguna Beach Unified,""
Debra Nickel,SPECIAL DAY CLASS TEACHER,99002.00,0.00,2030.00,10546.00,101032.00,111578.00,2014,,Laguna Beach Unified,""
Anna Tejchman,MIDDLE SCHOOL TEACHER,100683.00,0.00,0.00,10126.00,100683.00,110809.00,2014,,Laguna Beach Unified,""
Marie Bammer,ELEMENTARY SCHOOL TEACHER,99563.00,0.00,740.00,10484.00,100303.00,110787.00,2014,,Laguna Beach Unified,""
Jay Williams,ELEMENTARY SCHOOL TEACHER,92602.00,0.00,3947.00,13916.00,96549.00,110465.00,2014,,Laguna Beach Unified,""
Tami Mays,ELEMENTARY SCHOOL TEACHER,92404.00,0.00,4010.00,13883.00,96414.00,110297.00,2014,,Laguna Beach Unified,""
Carrie Rabay,ELEMENTARY SCHOOL TEACHER,94634.00,0.00,1721.00,13866.00,96355.00,110221.00,2014,,Laguna Beach Unified,""
Rachel Sweet,SPECIAL DAY CLASS TEACHER,106116.00,0.00,-9900.00,13872.00,96216.00,110088.00,2014,,Laguna Beach Unified,""
Carrie Leventhal,MIDDLE SCHOOL TEACHER,95268.00,0.00,1675.00,12677.00,96943.00,109620.00,2014,,Laguna Beach Unified,""
Melinda Grace,HUMAN RESOURCES TECHNICIAN,86170.00,4364.00,842.00,17958.00,91376.00,109334.00,2014,,Laguna Beach Unified,""
Jeremy Chung,HIGH SCHOOL TEACHER,96255.00,0.00,2750.00,9922.00,99005.00,108927.00,2014,,Laguna Beach Unified,""
Lara Greco,HIGH SCHOOL TEACHER,97979.00,0.00,870.00,9980.00,98849.00,108829.00,2014,,Laguna Beach Unified,""
Jennifer Lundblad,HIGH SCHOOL TEACHER,94156.00,0.00,851.00,13785.00,95007.00,108792.00,2014,,Laguna Beach Unified,""
Sarah Schaeffer,MIDDLE SCHOOL TEACHER,97318.00,0.00,971.00,10359.00,98289.00,108648.00,2014,,Laguna Beach Unified,""
Michelle Douglass,ELEMENTARY SCHOOL TEACHER,94716.00,0.00,0.00,13731.00,94716.00,108447.00,2014,,Laguna Beach Unified,""
Cama Stevens,ELEMENTARY SCHOOL TEACHER,93760.00,0.00,3481.00,10224.00,97241.00,107465.00,2014,,Laguna Beach Unified,""
Brett Dick,ELEMENTARY SCHOOL TEACHER,91215.00,0.00,851.00,13397.00,92066.00,105463.00,2014,,Laguna Beach Unified,""
Jennifer Chen,ELEMENTARY SCHOOL TEACHER,94156.00,0.00,0.00,9967.00,94156.00,104123.00,2014,,Laguna Beach Unified,""
Victoria Webber,EXECUTIVE ASSISTANT,82500.00,6564.00,787.00,14206.00,89851.00,104057.00,2014,,Laguna Beach Unified,""
Kimberly Mattson,ELEMENTARY SCHOOL TEACHER,90100.00,0.00,0.00,13342.00,90100.00,103442.00,2014,,Laguna Beach Unified,""
Brooke Bismack,ELEMENTARY SCHOOL TEACHER,94600.00,0.00,0.00,7988.00,94600.00,102588.00,2014,,Laguna Beach Unified,""
Cory Day,ELEMENTARY SCHOOL TEACHER,94120.00,0.00,0.00,7889.00,94120.00,102009.00,2014,,Laguna Beach Unified,""
Carrie Jenal,SPEECH LANGUAGE PATHOLOGIST,94022.00,0.00,0.00,7974.00,94022.00,101996.00,2014,,Laguna Beach Unified,""
Andrea Bochenek,ELEMENTARY SCHOOL TEACHER,89555.00,0.00,435.00,11975.00,89990.00,101965.00,2014,,Laguna Beach Unified,""
Shannon Grasso,ELEMENTARY SCHOOL TEACHER,90408.00,0.00,0.00,11324.00,90408.00,101732.00,2014,,Laguna Beach Unified,""
William Guido,MAINTENANCE WORKER II,67953.00,7516.00,13377.00,12626.00,88846.00,101472.00,2014,,Laguna Beach Unified,""
Marianne Bynum,ELEMENTARY SCHOOL TEACHER,86098.00,0.00,1843.00,13159.00,87941.00,101100.00,2014,,Laguna Beach Unified,""
Emerette Denton,HIGH SCHOOL TEACHER,85096.00,0.00,5946.00,9725.00,91042.00,100767.00,2014,,Laguna Beach Unified,""
Junko Hosokawa,ELEMENTARY SCHOOL TEACHER,87566.00,0.00,0.00,13127.00,87566.00,100693.00,2014,,Laguna Beach Unified,""
Raymond Lee,STAFF ACCOUNTANT,85416.00,0.00,0.00,13589.00,85416.00,99005.00,2014,,Laguna Beach Unified,""
Melissa Martinez,ELEMENTARY SCHOOL TEACHER,86748.00,0.00,0.00,11814.00,86748.00,98562.00,2014,,Laguna Beach Unified,""
Debra Nash,SP ED/STUDENT SRVCS SPECIALIST,70425.00,7001.00,6324.00,14250.00,83750.00,98000.00,2014,,Laguna Beach Unified,""
Amy Cochren,MIDDLE SCHOOL TEACHER,83137.00,0.00,1675.00,12905.00,84812.00,97717.00,2014,,Laguna Beach Unified,""
Jose Perez-Valle,MAINTENANCE WORKER II,71422.00,3185.00,9383.00,13141.00,83990.00,97131.00,2014,,Laguna Beach Unified,""
Hayley Mclellan,HIGH SCHOOL TEACHER,87870.00,0.00,25.00,9053.00,87895.00,96948.00,2014,,Laguna Beach Unified,""
Sarah Wolsey,ELEMENTARY SCHOOL TEACHER,84297.00,0.00,0.00,11607.00,84297.00,95904.00,2014,,Laguna Beach Unified,""
Greg Togawa,ELEMENTARY SCHOOL TEACHER,84305.00,0.00,870.00,10628.00,85175.00,95803.00,2014,,Laguna Beach Unified,""
Kimberly Krause,ELEMENTARY SCHOOL TEACHER,82028.00,0.00,870.00,12731.00,82898.00,95629.00,2014,,Laguna Beach Unified,""
Christy Montes,ELEMENTARY SCHOOL TEACHER,80613.00,0.00,1721.00,12683.00,82334.00,95017.00,2014,,Laguna Beach Unified,""
Barbara Mc Knight,HIGH SCHOOL TEACHER,87543.00,0.00,-882.00,7150.00,86661.00,93811.00,2014,,Laguna Beach Unified,""
Christopher Shea,ACCOUNTING SPECIALIST,74904.00,3595.00,3685.00,11028.00,82184.00,93212.00,2014,,Laguna Beach Unified,""
Gregory Swirczek,MAINTENANCE WORKER II,72466.00,211.00,6650.00,12990.00,79327.00,92317.00,2014,,Laguna Beach Unified,""
Peter Roche,MANAGER ARTIST THEATRE,80566.00,0.00,0.00,11347.00,80566.00,91913.00,2014,,Laguna Beach Unified,""
Nichole Rosa,COUNSELOR,83923.00,0.00,-1115.00,8681.00,82808.00,91489.00,2014,,Laguna Beach Unified,""
Jacqueline Parker,DATA COMPLIANCE/TECH SUPPORT,68633.00,3545.00,4337.00,13986.00,76515.00,90501.00,2014,,Laguna Beach Unified,""
Ryan Hertzing,SYSTEMS ADMINISTRATOR,71740.00,1182.00,6421.00,9937.00,79343.00,89280.00,2014,,Laguna Beach Unified,""
Patrick Kenney,MAINTENANCE WORKER II,66307.00,3994.00,3262.00,13833.00,73563.00,87396.00,2014,,Laguna Beach Unified,""
Donna Todd,ADMIN  ASSIST EDUCTION SUPPORT,69262.00,1499.00,2051.00,13908.00,72812.00,86720.00,2014,,Laguna Beach Unified,""
Jonathan Mann,MIDDLE SCHOOL TEACHER,73544.00,0.00,2019.00,10878.00,75563.00,86441.00,2014,,Laguna Beach Unified,""
Somer Selway,HIGH SCHOOL TEACHER,77655.00,0.00,0.00,8181.00,77655.00,85836.00,2014,,Laguna Beach Unified,""
Michael Rush,TECHNOLOGY SYSTEMS SPECIALIST,65906.00,1524.00,8027.00,9942.00,75457.00,85399.00,2014,,Laguna Beach Unified,""
Ted Doughty Jr,DIRECTOR FACILITIES & GROUND,76584.00,0.00,0.00,8769.00,76584.00,85353.00,2014,,Laguna Beach Unified,""
Durinda Klein,ADMIN ASSISTANT TO PRINCIPAL,66327.00,0.00,5421.00,13561.00,71748.00,85309.00,2014,,Laguna Beach Unified,""
Bjorn Avila,MIDDLE SCHOOL TEACHER,74678.00,0.00,1694.00,8474.00,76372.00,84846.00,2014,,Laguna Beach Unified,""
Todd Foote,CUSTODIAN II,59754.00,0.00,11620.00,12920.00,71374.00,84294.00,2014,,Laguna Beach Unified,""
Ann Lombard,ASST. TO FACILITIES/BUSINESS,63841.00,7888.00,3011.00,9389.00,74740.00,84129.00,2014,,Laguna Beach Unified,""
Kathleen Meyers,MIDDLE SCHOOL TEACHER,75925.00,0.00,0.00,8082.00,75925.00,84007.00,2014,,Laguna Beach Unified,""
Alejandro Garcia,CUSTODIAN II,58141.00,4773.00,9288.00,11243.00,72202.00,83445.00,2014,,Laguna Beach Unified,""
Peggy Lynch,ELEMENTARY SCHOOL TEACHER,74879.00,0.00,1870.00,6249.00,76749.00,82998.00,2014,,Laguna Beach Unified,""
Jason Fritze,ELEMENTARY SPANISH TEACHER,73006.00,0.00,0.00,9360.00,73006.00,82366.00,2014,,Laguna Beach Unified,""
Alicia Saucedo,SPECIAL DAY CLASS TEACHER,75947.00,0.00,0.00,6413.00,75947.00,82360.00,2014,,Laguna Beach Unified,""
Mary Parlapanides,ELEMENTARY SCHOOL TEACHER,75554.00,0.00,0.00,6558.00,75554.00,82112.00,2014,,Laguna Beach Unified,""
Roberto Arevalo,CUSTODIAN II,58877.00,5577.00,10430.00,7081.00,74884.00,81965.00,2014,,Laguna Beach Unified,""
Tauna Lapierre,ELEMENTARY SCHOOL TEACHER,69039.00,0.00,0.00,11332.00,69039.00,80371.00,2014,,Laguna Beach Unified,""
Darci Anderson,MIDDLE SCHOOL TEACHER,73858.00,0.00,0.00,6234.00,73858.00,80092.00,2014,,Laguna Beach Unified,""
Lisa Jay,HIGH SCHOOL TEACHER,73112.00,0.00,538.00,6076.00,73650.00,79726.00,2014,,Laguna Beach Unified,""
Carlos Diaz,CUSTODIAN II,45063.00,3631.00,24674.00,5461.00,73368.00,78829.00,2014,,Laguna Beach Unified,""
Shadi Tavares,ACCOUNTING SPECIALIST,59587.00,4305.00,2794.00,11738.00,66686.00,78424.00,2014,,Laguna Beach Unified,""
Robert Aristo,SCHOOL PSYCHOLOGIST,72229.00,0.00,0.00,5959.00,72229.00,78188.00,2014,,Laguna Beach Unified,""
Mari Andersen,ADMIN. SECRETARY II,61884.00,0.00,3019.00,13173.00,64903.00,78076.00,2014,,Laguna Beach Unified,""
Erica Rahall,ELEMENTARY SCHOOL TEACHER,74037.00,0.00,-2500.00,5977.00,71537.00,77514.00,2014,,Laguna Beach Unified,""
Kalven Lee,CUSTODIAN II,57723.00,0.00,6252.00,12681.00,63975.00,76656.00,2014,,Laguna Beach Unified,""
Jill Norris,LIBRARY MEDIA SPECIALIST III,58813.00,0.00,5004.00,12771.00,63817.00,76588.00,2014,,Laguna Beach Unified,""
Kristen Kaa,HIGH SCHOOL TEACHER,65169.00,0.00,0.00,11237.00,65169.00,76406.00,2014,,Laguna Beach Unified,""
Ronald Monn,CUSTODIAN II,58882.00,46.00,8725.00,8712.00,67653.00,76365.00,2014,,Laguna Beach Unified,""
Richard Carey,CUSTODIAN I,55537.00,2640.00,9454.00,8684.00,67631.00,76315.00,2014,,Laguna Beach Unified,""
Heather Hanson,HIGH SCHOOL TEACHER,68266.00,0.00,0.00,7400.00,68266.00,75666.00,2014,,Laguna Beach Unified,""
Leslie Monroe,ELEMENTARY SCHOOL TEACHER,67689.00,0.00,1870.00,5656.00,69559.00,75215.00,2014,,Laguna Beach Unified,""
Julie Yaccino,SPECIAL DAY CLASS TEACHER,67657.00,0.00,0.00,7365.00,67657.00,75022.00,2014,,Laguna Beach Unified,""
Paula Bray,ADMIN ASSISTANT TO PRINCIPAL,61303.00,540.00,3381.00,9374.00,65224.00,74598.00,2014,,Laguna Beach Unified,""
Chuck Taylor,CUSTODIAN III,57609.00,41.00,5234.00,11419.00,62884.00,74303.00,2014,,Laguna Beach Unified,""
Robert Hogrebe,ELEMENTARY SCHOOL TEACHER,66600.00,0.00,0.00,7642.00,66600.00,74242.00,2014,,Laguna Beach Unified,""
Corey Brown,TRANSITION SRVCS COORDINATOR,52016.00,0.00,11241.00,9011.00,63257.00,72268.00,2014,,Laguna Beach Unified,""
Bridget Beaudry-Porter,HIGH SCHOOL TEACHER,63595.00,0.00,0.00,8568.00,63595.00,72163.00,2014,,Laguna Beach Unified,""
Maryann Thomas,ELEMENTARY SCHOOL TEACHER,65257.00,0.00,0.00,5918.00,65257.00,71175.00,2014,,Laguna Beach Unified,""
Anne Sadler,ADMIN ASSISTANT TO PRINCIPAL,55997.00,0.00,2704.00,12455.00,58701.00,71156.00,2014,,Laguna Beach Unified,""
Gregory Johnson,CUSTODIAN II,57545.00,0.00,566.00,11152.00,58111.00,69263.00,2014,,Laguna Beach Unified,""
Roxanna Ward,ACCOMPANIST,51322.00,0.00,7156.00,10501.00,58478.00,68979.00,2014,,Laguna Beach Unified,""
Nick Toral,CUSTODIAN III,58138.00,0.00,368.00,9905.00,58506.00,68411.00,2014,,Laguna Beach Unified,""
Rogelio Fernandez,CUSTODIAN II,53871.00,718.00,2560.00,10968.00,57149.00,68117.00,2014,,Laguna Beach Unified,""
Michael Conlon,ELEMENTARY PRINCIPAL,57559.00,0.00,0.00,9227.00,57559.00,66786.00,2014,,Laguna Beach Unified,""
Gwen Myers,ATTENDANCE RECORDS CLERK II,51968.00,0.00,2629.00,11971.00,54597.00,66568.00,2014,,Laguna Beach Unified,""
Kristene Hammerquist,ADMIN ASSISTANT TO PRINCIPAL,56886.00,718.00,594.00,8202.00,58198.00,66400.00,2014,,Laguna Beach Unified,""
Yvette Kelly,COORD STU ACTIVITIES & COM SVC,56461.00,40.00,1539.00,8239.00,58040.00,66279.00,2014,,Laguna Beach Unified,""
Mary Schoenfeld,SECRETARY I,57061.00,0.00,561.00,8232.00,57622.00,65854.00,2014,,Laguna Beach Unified,""
Claudia Redfern,"ATTEND & RECEPTION ASST., ELEM",54787.00,401.00,1988.00,8495.00,57176.00,65671.00,2014,,Laguna Beach Unified,""
Tracy Paddock,SCHOOL SUPPORT SECRETARY,52257.00,0.00,2745.00,9474.00,55002.00,64476.00,2014,,Laguna Beach Unified,""
Jill Irby,MS LIBRARY MEDIA SPECIALIST,51699.00,0.00,2758.00,9400.00,54457.00,63857.00,2014,,Laguna Beach Unified,""
Ellen Oxales,HIGH SCHOOL REGISTRAR,51272.00,0.00,545.00,11668.00,51817.00,63485.00,2014,,Laguna Beach Unified,""
Debora Arellanes,ATTENDANCE CLERK,53578.00,1.00,2981.00,6714.00,56560.00,63274.00,2014,,Laguna Beach Unified,""
Sandra Jones,ACTIVITIES ACCOUNT CLERK,49955.00,81.00,2484.00,10486.00,52520.00,63006.00,2014,,Laguna Beach Unified,""
Blanca Mcintire,ADMIN ASSIST BUSINESS OFFICE,54880.00,0.00,1037.00,6394.00,55917.00,62311.00,2014,,Laguna Beach Unified,""
Elizabeth Sand,CLASS PROFESSIONAL EXPERT,50339.00,0.00,1149.00,9635.00,51488.00,61123.00,2014,,Laguna Beach Unified,""
Sarah Pearlman,CLERK TYPIST II,47038.00,348.00,3430.00,10211.00,50816.00,61027.00,2014,,Laguna Beach Unified,""
Rosalie Triggs,ADMIN. SECRETARY I,50173.00,0.00,1232.00,9077.00,51405.00,60482.00,2014,,Laguna Beach Unified,""
Brian Armstrong,"NUTRITION, CENTRAL KITCHEN MGR",48529.00,401.00,2282.00,9021.00,51212.00,60233.00,2014,,Laguna Beach Unified,""
Mary Stinnett,"ATTEND & RECEPTION ASST., ELEM",48146.00,906.00,2314.00,8023.00,51366.00,59389.00,2014,,Laguna Beach Unified,""
Kathleen Knott,SCHOOL NURSE,54016.00,0.00,0.00,4585.00,54016.00,58601.00,2014,,Laguna Beach Unified,""
Jennifer Spitler,MIDDLE SCHOOL TEACHER,52582.00,0.00,435.00,4374.00,53017.00,57391.00,2014,,Laguna Beach Unified,""
Seddigheh Lenjavi,MIDDLE SCHOOL TEACHER,51303.00,0.00,0.00,4232.00,51303.00,55535.00,2014,,Laguna Beach Unified,""
Thomas Munoz,NUTRITION SRVC DELIVERY DRIVER,44552.00,21.00,2113.00,8552.00,46686.00,55238.00,2014,,Laguna Beach Unified,""
Ronald Holaday,ATHLETIC TRAINER,43685.00,0.00,1930.00,9539.00,45615.00,55154.00,2014,,Laguna Beach Unified,""
Johnathan Rastello,COUNSELOR,50387.00,0.00,500.00,4198.00,50887.00,55085.00,2014,,Laguna Beach Unified,""
Margaret Warder,INTERVENTION PARA EDUCATOR,44341.00,100.00,2951.00,5746.00,47392.00,53138.00,2014,,Laguna Beach Unified,""
Elizabeth Phillips,HEALTH CLERK,39567.00,0.00,2863.00,10469.00,42430.00,52899.00,2014,,Laguna Beach Unified,""
Bradley Rush,SCHOOL PSYCHOLOGIST,42673.00,0.00,0.00,9522.00,42673.00,52195.00,2014,,Laguna Beach Unified,""
Jennifer Carlson,INSTRUCTION AIDE II/SPECIAL ED,40367.00,0.00,889.00,9996.00,41256.00,51252.00,2014,,Laguna Beach Unified,""
Allison Isambert,CENTRAL OFFICE ASSISTANT,41483.00,0.00,3760.00,5106.00,45243.00,50349.00,2014,,Laguna Beach Unified,""
Kevin Yates,PUBLIC COMM AND RELTNS LIAISON,41583.00,0.00,3490.00,5185.00,45073.00,50258.00,2014,,Laguna Beach Unified,""
Diane Riegler,CLERK TYPIST I,38965.00,0.00,2941.00,8336.00,41906.00,50242.00,2014,,Laguna Beach Unified,""
Javier Diaz,SCHOOL COMMUNITY LIAISON,37063.00,3897.00,4226.00,4483.00,45186.00,49669.00,2014,,Laguna Beach Unified,""
Lynda Eliel,TECHNOLOGY PARA EDUCATOR,37281.00,0.00,2160.00,10201.00,39441.00,49642.00,2014,,Laguna Beach Unified,""
Kimberly Jennings,ADAPTED PE SPECIALIST TEACHER,45301.00,0.00,0.00,3823.00,45301.00,49124.00,2014,,Laguna Beach Unified,""
Donni Wells,INSTRUCT AIDE III/PE GRANDFTHR,35988.00,0.00,2736.00,8899.00,38724.00,47623.00,2014,,Laguna Beach Unified,""
Elizabeth Kinder,INTERVENTION PARA EDUCATOR,40740.00,0.00,351.00,5115.00,41091.00,46206.00,2014,,Laguna Beach Unified,""
Joshua Bixler,HIGH SCHOOL TEACHER,41796.00,0.00,0.00,3448.00,41796.00,45244.00,2014,,Laguna Beach Unified,""
Chantale Mcconnell,"INSTRUCT. AIDE I, CLASSROOM",33525.00,0.00,1886.00,9779.00,35411.00,45190.00,2014,,Laguna Beach Unified,""
Van Le,TECHNOLOGY PARA EDUCATOR,38929.00,0.00,1119.00,5009.00,40048.00,45057.00,2014,,Laguna Beach Unified,""
Margaret Legault,HEALTH CLERK,34953.00,0.00,2054.00,7882.00,37007.00,44889.00,2014,,Laguna Beach Unified,""
David Crowell,INSTRUCTION AIDE II/SPECIAL ED,35072.00,0.00,4743.00,4883.00,39815.00,44698.00,2014,,Laguna Beach Unified,""
Brandy Lowry,ES LIBRARY MEDIA,34990.00,0.00,-403.00,8428.00,34587.00,43015.00,2014,,Laguna Beach Unified,""
Ethan Damato,CAMPUS SUPERVISOR,17128.00,0.00,25751.00,0.00,42879.00,42879.00,2014,,Laguna Beach Unified,""
Debra Lincoln,"NUTRITION SRVC LEAD, SECONDARY",33880.00,0.00,1672.00,7250.00,35552.00,42802.00,2014,,Laguna Beach Unified,""
Christina Price,ES LIBRARY MEDIA,33249.00,0.00,662.00,8571.00,33911.00,42482.00,2014,,Laguna Beach Unified,""
Tami Burns,INSTRUCT AIDE III/PE GRANDFTHR,33958.00,0.00,2654.00,5584.00,36612.00,42196.00,2014,,Laguna Beach Unified,""
Sylvia Waimrin,INSTRUCTION AIDE II/SPECIAL ED,33377.00,0.00,1544.00,7136.00,34921.00,42057.00,2014,,Laguna Beach Unified,""
Jayne Greenwalt,INSTRUCTION AIDE II/SPECIAL ED,31625.00,0.00,1479.00,8280.00,33104.00,41384.00,2014,,Laguna Beach Unified,""
Matthew Monahan,INSTRUCTION AIDE II/SPECIAL ED,37667.00,0.00,729.00,2915.00,38396.00,41311.00,2014,,Laguna Beach Unified,""
Janice Hedden,INSTRUCTION AIDE II/SPECIAL ED,29397.00,0.00,2223.00,9345.00,31620.00,40965.00,2014,,Laguna Beach Unified,""
Eleanor Tiner,INSTRUCTION AIDE II/SPECIAL ED,32776.00,0.00,2065.00,6115.00,34841.00,40956.00,2014,,Laguna Beach Unified,""
Roger Shew,HIGH SCHOOL TEACHER,37280.00,0.00,0.00,3146.00,37280.00,40426.00,2014,,Laguna Beach Unified,""
Kristin Hauer,"NUTRITION SRVC LEAD, SECONDARY",34826.00,0.00,-1321.00,6853.00,33505.00,40358.00,2014,,Laguna Beach Unified,""
Johnny Vasquez,CAMPUS SUPERVISOR,32403.00,344.00,1801.00,4691.00,34548.00,39239.00,2014,,Laguna Beach Unified,""
Dana Rice,INSTRUCTION AIDE II/SPECIAL ED,31397.00,0.00,727.00,6879.00,32124.00,39003.00,2014,,Laguna Beach Unified,""
Eva Boni Bodrogi,INSTRUCTION AIDE II/SPECIAL ED,30256.00,0.00,2885.00,5768.00,33141.00,38909.00,2014,,Laguna Beach Unified,""
Christine Seapin,INSTRUCTION AIDE II/SPECIAL ED,30557.00,0.00,2225.00,5370.00,32782.00,38152.00,2014,,Laguna Beach Unified,""
Travis Muniz,CLASSIFIED SUBSTITUTE,33631.00,482.00,0.00,3920.00,34113.00,38033.00,2014,,Laguna Beach Unified,""
Kimberly Leeds,INSTRUCTIONAL AIDE II/PE,28430.00,0.00,954.00,8196.00,29384.00,37580.00,2014,,Laguna Beach Unified,""
Carita Garcia,HIGH SCHOOL TEACHER,28920.00,0.00,0.00,8301.00,28920.00,37221.00,2014,,Laguna Beach Unified,""
John Uhlman,INSTRUCTION AIDE II/SPECIAL ED,31095.00,0.00,1329.00,4664.00,32424.00,37088.00,2014,,Laguna Beach Unified,""
Kristine Landrum,INSTRUCTION AIDE II/SPECIAL ED,29392.00,0.00,1869.00,5583.00,31261.00,36844.00,2014,,Laguna Beach Unified,""
Nikki Romano,INSTRUCTION AIDE II/SPECIAL ED,31010.00,0.00,1826.00,3675.00,32836.00,36511.00,2014,,Laguna Beach Unified,""
Kevin Oconnell,CERT SUB TEACHER,33009.00,0.00,360.00,2723.00,33369.00,36092.00,2014,,Laguna Beach Unified,""
Maria Mcmanus,INSTRUCTION AIDE II/SPECIAL ED,26915.00,0.00,1326.00,7716.00,28241.00,35957.00,2014,,Laguna Beach Unified,""
Julie Padilla,INSTRUCTION AIDE II/SPECIAL ED,29777.00,0.00,2441.00,3622.00,32218.00,35840.00,2014,,Laguna Beach Unified,""
Marlo Jensma,PRESCHOOL INSTRUCTIONAL AIDE,30056.00,0.00,2587.00,2663.00,32643.00,35306.00,2014,,Laguna Beach Unified,""
Jenny Hoffman,COUNSELOR,28566.00,0.00,0.00,6653.00,28566.00,35219.00,2014,,Laguna Beach Unified,""
Samantha Hampton,HIGH SCHOOL TEACHER,31685.00,0.00,500.00,3011.00,32185.00,35196.00,2014,,Laguna Beach Unified,""
Mark Avalos,INSTRUCTION AIDE II/SPECIAL ED,29955.00,0.00,1573.00,3666.00,31528.00,35194.00,2014,,Laguna Beach Unified,""
Dori Bunting,INSTRUCTION AIDE II/SPECIAL ED,29637.00,0.00,1826.00,3667.00,31463.00,35130.00,2014,,Laguna Beach Unified,""
Kasey Childs-Konkel,INSTRUCTION AIDE II/SPECIAL ED,28098.00,0.00,2715.00,3587.00,30813.00,34400.00,2014,,Laguna Beach Unified,""
Carol Mignosa,ELEMENTARY SCHOOL TEACHER,31124.00,0.00,0.00,3174.00,31124.00,34298.00,2014,,Laguna Beach Unified,""
Amy Kernan,"COORD ASSESSMENT, ACCT,PROJECT",29604.00,0.00,0.00,4259.00,29604.00,33863.00,2014,,Laguna Beach Unified,""
Jennifer Merritt,HIGH SCHOOL TEACHER,26126.00,0.00,0.00,7679.00,26126.00,33805.00,2014,,Laguna Beach Unified,""
Trina Bilich,INSTRUCTION AIDE II/SPECIAL ED,27407.00,0.00,1826.00,3284.00,29233.00,32517.00,2014,,Laguna Beach Unified,""
Elizabeth Klein,INSTRUCTION AIDE II/SPECIAL ED,27613.00,0.00,1061.00,3499.00,28674.00,32173.00,2014,,Laguna Beach Unified,""
Tami Cloward,NUTRITION SRVCS ASSISTANT II,26955.00,0.00,1044.00,4090.00,27999.00,32089.00,2014,,Laguna Beach Unified,""
Maria Chavez,NUTRITION SRVCS ASSISTANT II,26281.00,0.00,2204.00,3321.00,28485.00,31806.00,2014,,Laguna Beach Unified,""
Jessica Woodruff,INSTRUCTION AIDE II/SPECIAL ED,27694.00,0.00,773.00,3193.00,28467.00,31660.00,2014,,Laguna Beach Unified,""
Jessica Goette,INSTRUCTION AIDE II/SPECIAL ED,25602.00,0.00,2812.00,3190.00,28414.00,31604.00,2014,,Laguna Beach Unified,""
Sara Weber,PRESCHOOL INSTRUCTIONAL AIDE,27354.00,0.00,892.00,3175.00,28246.00,31421.00,2014,,Laguna Beach Unified,""
Jeffrey Snyder,INSTRUCTION AIDE II/SPECIAL ED,27193.00,0.00,1105.00,2440.00,28298.00,30738.00,2014,,Laguna Beach Unified,""
Deborah Shields,TEXTBOOK CLERK,26062.00,0.00,503.00,4129.00,26565.00,30694.00,2014,,Laguna Beach Unified,""
Margarita Padilla,"INSTRUCT. AIDE I, CLASSROOM",25656.00,0.00,1761.00,3199.00,27417.00,30616.00,2014,,Laguna Beach Unified,""
Kathy Norfleet,"INSTRUCT. AIDE I, CLASSROOM",24444.00,0.00,1241.00,4003.00,25685.00,29688.00,2014,,Laguna Beach Unified,""
Mariah Holliday,"INSTRUCT. AIDE I, CLASSROOM",26165.00,0.00,-2171.00,5056.00,23994.00,29050.00,2014,,Laguna Beach Unified,""
Alyssa Caserio,MIDDLE SCHOOL TEACHER,25048.00,0.00,0.00,3390.00,25048.00,28438.00,2014,,Laguna Beach Unified,""
Jacqueline Tran,PRESCHOOL INSTRUCTIONAL AIDE,24521.00,0.00,552.00,2835.00,25073.00,27908.00,2014,,Laguna Beach Unified,""
Lynn Gregory,HIGH SCHOOL SCHOLARSHIP CLERK,25487.00,0.00,1581.00,806.00,27068.00,27874.00,2014,,Laguna Beach Unified,""
Jeffrey Dippel,MIDDLE SCHOOL TEACHER,23852.00,0.00,0.00,3993.00,23852.00,27845.00,2014,,Laguna Beach Unified,""
Kimberly Conklin,CENTRAL OFFICE ASSISTANT,24359.00,141.00,0.00,3179.00,24500.00,27679.00,2014,,Laguna Beach Unified,""
Christopher Herzfeld,HIGH SCHOOL PRINCIPAL,21006.00,0.00,0.00,6355.00,21006.00,27361.00,2014,,Laguna Beach Unified,""
Joshua Johnson,INSTRUCTIONAL AIDE II/PE,21711.00,0.00,2619.00,2734.00,24330.00,27064.00,2014,,Laguna Beach Unified,""
Eric Lapierre,INSTRUCTIONAL AIDE II/PE,22288.00,0.00,1555.00,2874.00,23843.00,26717.00,2014,,Laguna Beach Unified,""
Estee Carrizosa,HIGH SCHOOL TEACHER,20710.00,0.00,1785.00,4017.00,22495.00,26512.00,2014,,Laguna Beach Unified,""
William Isetts,INSTRUCTION AIDE II/SPECIAL ED,21998.00,0.00,1660.00,2677.00,23658.00,26335.00,2014,,Laguna Beach Unified,""
Oanh Vu,INSTRUCTION AIDE II/SPECIAL ED,21195.00,0.00,2150.00,2664.00,23345.00,26009.00,2014,,Laguna Beach Unified,""
Dawn Brown,HUMAN RESOURCES ADMIN. ASST.,19844.00,0.00,0.00,6032.00,19844.00,25876.00,2014,,Laguna Beach Unified,""
Melissa Hexter,CLASSIFIED SUBSTITUTE,23828.00,0.00,0.00,1906.00,23828.00,25734.00,2014,,Laguna Beach Unified,""
Robert Sperakos,TECHNOLOGY SYSTEMS SPECIALIST,18214.00,0.00,0.00,7503.00,18214.00,25717.00,2014,,Laguna Beach Unified,""
Elizabeth Drudy,NUTRITION SRVCS ASSISTANT II,20431.00,0.00,2607.00,2574.00,23038.00,25612.00,2014,,Laguna Beach Unified,""
Mark Harris,CAMPUS SUPERVISOR,23242.00,0.00,1950.00,0.00,25192.00,25192.00,2014,,Laguna Beach Unified,""
Megan Matthias,MIDDLE SCHOOL TEACHER,21286.00,0.00,0.00,3520.00,21286.00,24806.00,2014,,Laguna Beach Unified,""
Roi Brignac,DATABASE ADMINISTRATOR,19459.00,0.00,0.00,5228.00,19459.00,24687.00,2014,,Laguna Beach Unified,""
Jeffrey Dixon,DIRECTOR FACILITIES & GROUND,18369.00,0.00,0.00,6269.00,18369.00,24638.00,2014,,Laguna Beach Unified,""
Theresa Chavez,HEALTH CLERK,20678.00,0.00,1332.00,2463.00,22010.00,24473.00,2014,,Laguna Beach Unified,""
Steve Flores,HIGH SCHOOL TEACHER,20382.00,0.00,0.00,3440.00,20382.00,23822.00,2014,,Laguna Beach Unified,""
Everett Blanton,INSTRUCTIONAL AIDE II/PE,20458.00,0.00,2496.00,125.00,22954.00,23079.00,2014,,Laguna Beach Unified,""
Ismael Duarte,CLASSIFIED SUBSTITUTE,19396.00,1033.00,0.00,2260.00,20429.00,22689.00,2014,,Laguna Beach Unified,""
Christian Pedersen,CAMPUS SUPERVISOR,21940.00,0.00,535.00,0.00,22475.00,22475.00,2014,,Laguna Beach Unified,""
Raul Papaleo,WALK ON COACH,11020.00,0.00,11289.00,0.00,22309.00,22309.00,2014,,Laguna Beach Unified,""
Heather Hamblin,INSTRUCTION AIDE II/SPECIAL ED,20676.00,0.00,-900.00,2206.00,19776.00,21982.00,2014,,Laguna Beach Unified,""
Kimberly O'Brien,INSTRUCTION AIDE II/SPECIAL ED,18945.00,0.00,1143.00,1875.00,20088.00,21963.00,2014,,Laguna Beach Unified,""
Julie Olsen,EARLY READINESS PROGRAM FAC.,19404.00,0.00,1696.00,125.00,21100.00,21225.00,2014,,Laguna Beach Unified,""
Carolyn Williams,HIGH SCHOOL PRINCIPAL,21139.00,0.00,0.00,0.00,21139.00,21139.00,2014,,Laguna Beach Unified,""
Jesus Arambula,CLASSIFIED SUBSTITUTE,18332.00,1120.00,0.00,1546.00,19452.00,20998.00,2014,,Laguna Beach Unified,""
Kathleen Fehlau,INSTRUCTION AIDE II/SPECIAL ED,18787.00,0.00,2110.00,0.00,20897.00,20897.00,2014,,Laguna Beach Unified,""
Raquel Gutierrez-Barajas,INSTRUCT AIDE II/BILINGUAL,19582.00,0.00,1052.00,125.00,20634.00,20759.00,2014,,Laguna Beach Unified,""
Sophia Papadatos,CAMPUS SUPERVISOR,17263.00,0.00,1277.00,2192.00,18540.00,20732.00,2014,,Laguna Beach Unified,""
Robin Lux,INSTRUCT AIDE III/HS LABS,18834.00,0.00,1790.00,0.00,20624.00,20624.00,2014,,Laguna Beach Unified,""
Rachel Domiano,INSTRUCTION AIDE II/SPECIAL ED,15948.00,0.00,816.00,3523.00,16764.00,20287.00,2014,,Laguna Beach Unified,""
Lilia Pinzon-Ingram,NUTRITION SRVCS ASSISTANT I,16822.00,0.00,1418.00,2026.00,18240.00,20266.00,2014,,Laguna Beach Unified,""
Eric Moore,CAMPUS SUPERVISOR,18016.00,0.00,1916.00,125.00,19932.00,20057.00,2014,,Laguna Beach Unified,""
Thasa Zuziak,INSTRUCTION AIDE II/SPECIAL ED,18486.00,0.00,1196.00,0.00,19682.00,19682.00,2014,,Laguna Beach Unified,""
Brandon Lee,INSTRUCTION AIDE II/SPECIAL ED,17604.00,0.00,2029.00,0.00,19633.00,19633.00,2014,,Laguna Beach Unified,""
Cynthia Lemottee Dale,CAMPUS SUPERVISOR,18272.00,172.00,761.00,345.00,19205.00,19550.00,2014,,Laguna Beach Unified,""
Laura Vickery-Petersen,INSTRUCTION AIDE II/SPECIAL ED,17614.00,0.00,1606.00,125.00,19220.00,19345.00,2014,,Laguna Beach Unified,""
Marta Cid,INSTRUCT AIDE II/BILINGUAL,16829.00,0.00,1732.00,125.00,18561.00,18686.00,2014,,Laguna Beach Unified,""
Leslie James,INSTRUCTION AIDE II/SPECIAL ED,16922.00,0.00,673.00,399.00,17595.00,17994.00,2014,,Laguna Beach Unified,""
Colleen Schuelke,CLASSIFIED SUBSTITUTE,17564.00,0.00,0.00,0.00,17564.00,17564.00,2014,,Laguna Beach Unified,""
Kristine Landgraf,CAMPUS SUPERVISOR,16482.00,0.00,949.00,125.00,17431.00,17556.00,2014,,Laguna Beach Unified,""
Heidi Winegard,HEALTH CLERK,15065.00,0.00,621.00,1860.00,15686.00,17546.00,2014,,Laguna Beach Unified,""
Rhonda Talpash,HEALTH CLERK,16012.00,0.00,1321.00,0.00,17333.00,17333.00,2014,,Laguna Beach Unified,""
Long Le,TECHNOLOGY TECHNICIAN,12095.00,0.00,3848.00,1384.00,15943.00,17327.00,2014,,Laguna Beach Unified,""
Stephanie Gascon Burton,INSTRUCTION AIDE II/SPECIAL ED,15406.00,0.00,507.00,1271.00,15913.00,17184.00,2014,,Laguna Beach Unified,""
Darren Utterback,WALK ON COACH,6936.00,0.00,10060.00,0.00,16996.00,16996.00,2014,,Laguna Beach Unified,""
Amy Broomer,"INSTRUCT. AIDE I, CLASSROOM",15950.00,0.00,821.00,125.00,16771.00,16896.00,2014,,Laguna Beach Unified,""
Fred Pichay,CLASSIFIED SUBSTITUTE,16005.00,0.00,780.00,0.00,16785.00,16785.00,2014,,Laguna Beach Unified,""
Kristi Matheson,INSTRUCTION AIDE II/SPECIAL ED,16046.00,0.00,0.00,552.00,16046.00,16598.00,2014,,Laguna Beach Unified,""
Dawn Hunnicutt,INSTRUCT AIDE III/HS LABS,15600.00,0.00,674.00,125.00,16274.00,16399.00,2014,,Laguna Beach Unified,""
Barbara Garcia,INSTRUCT AIDE II/BILINGUAL,14135.00,0.00,2094.00,125.00,16229.00,16354.00,2014,,Laguna Beach Unified,""
Martha Neveu Moeller,INSTRUCT AIDE II/BILINGUAL,14227.00,0.00,1986.00,125.00,16213.00,16338.00,2014,,Laguna Beach Unified,""
Elizabeth Rackleff,CLASSIFIED SUBSTITUTE,14960.00,0.00,0.00,1235.00,14960.00,16195.00,2014,,Laguna Beach Unified,""
David Block,NUTRITION SRVCS ASSISTANT I,15359.00,0.00,611.00,0.00,15970.00,15970.00,2014,,Laguna Beach Unified,""
Naomi Grimes,NUTRITION SRVCS ASSISTANT I,14456.00,0.00,1177.00,125.00,15633.00,15758.00,2014,,Laguna Beach Unified,""
Alexandra Mendoza,CERT SUB TEACHER,14755.00,0.00,0.00,970.00,14755.00,15725.00,2014,,Laguna Beach Unified,""
Angeles Perez,NUTRITION SRVCS ASSISTANT I,14925.00,0.00,700.00,0.00,15625.00,15625.00,2014,,Laguna Beach Unified,""
Linda Butler Stoll,NUTRITION SRVCS ASSISTANT I,14051.00,0.00,1259.00,125.00,15310.00,15435.00,2014,,Laguna Beach Unified,""
Donald Davis,CLASSIFIED SUBSTITUTE,6120.00,0.00,9160.00,0.00,15280.00,15280.00,2014,,Laguna Beach Unified,""
Jeb Dickerson,CERT SUB TEACHER,14035.00,0.00,0.00,896.00,14035.00,14931.00,2014,,Laguna Beach Unified,""
Carol Hemus,CERT SUB TEACHER,14441.00,0.00,0.00,0.00,14441.00,14441.00,2014,,Laguna Beach Unified,""
Colin Webber,CLASSIFIED SUBSTITUTE,14254.00,0.00,0.00,0.00,14254.00,14254.00,2014,,Laguna Beach Unified,""
John Brusky Jr,CERT SUB TEACHER,14233.00,0.00,0.00,0.00,14233.00,14233.00,2014,,Laguna Beach Unified,""
Sean Colt,CHIEF TECHNOLOGY OFFICER,12262.00,0.00,189.00,1403.00,12451.00,13854.00,2014,,Laguna Beach Unified,""
Sharon Haggerty,INSTRUCT AIDE II/BILINGUAL,12987.00,0.00,628.00,125.00,13615.00,13740.00,2014,,Laguna Beach Unified,""
Araceli Torres,CLASSIFIED SUBSTITUTE,12240.00,0.00,0.00,1427.00,12240.00,13667.00,2014,,Laguna Beach Unified,""
Roger Romero,ATHLETIC FACILITIES CUSTODIAN,13554.00,0.00,0.00,0.00,13554.00,13554.00,2014,,Laguna Beach Unified,""
Max Dressler,CLASSIFIED SUBSTITUTE,13541.00,0.00,0.00,0.00,13541.00,13541.00,2014,,Laguna Beach Unified,""
Landon Yaple,CLASS PROFESSIONAL EXPERT,13096.00,0.00,0.00,0.00,13096.00,13096.00,2014,,Laguna Beach Unified,""
Jennifer Rievley,INSTRUCT AIDE II/BILINGUAL,13012.00,0.00,65.00,9.00,13077.00,13086.00,2014,,Laguna Beach Unified,""
Karen Kavoossi,CERT SUB TEACHER,11850.00,0.00,0.00,978.00,11850.00,12828.00,2014,,Laguna Beach Unified,""
Janine Highley,"INSTRUCT. AIDE I, CLASSROOM",10485.00,0.00,987.00,1259.00,11472.00,12731.00,2014,,Laguna Beach Unified,""
Lisa Manion,"INSTRUCT. AIDE I, CLASSROOM",11911.00,0.00,589.00,149.00,12500.00,12649.00,2014,,Laguna Beach Unified,""
Alison Pascall,CERT SUB TEACHER,11756.00,0.00,0.00,788.00,11756.00,12544.00,2014,,Laguna Beach Unified,""
Elaine Merz,CERT SUB TEACHER,10785.00,0.00,0.00,910.00,10785.00,11695.00,2014,,Laguna Beach Unified,""
Michelle Hilger,"INSTRUCT. AIDE I, CLASSROOM",10890.00,0.00,517.00,125.00,11407.00,11532.00,2014,,Laguna Beach Unified,""
Leslie Loy,CERT SUB TEACHER,10794.00,0.00,0.00,533.00,10794.00,11327.00,2014,,Laguna Beach Unified,""
Jennifer Sweet,"INSTRUCT. AIDE I, CLASSROOM",10691.00,0.00,624.00,0.00,11315.00,11315.00,2014,,Laguna Beach Unified,""
Sally Hardison Box,NUTRITION SRVCS ASSISTANT I,10208.00,0.00,987.00,0.00,11195.00,11195.00,2014,,Laguna Beach Unified,""
Alexandria Simler,CERT SUB TEACHER,10101.00,0.00,0.00,840.00,10101.00,10941.00,2014,,Laguna Beach Unified,""
Kathryn Yates,CERT SUB TEACHER,10299.00,0.00,0.00,498.00,10299.00,10797.00,2014,,Laguna Beach Unified,""
Brian Ward,INSTRUCTION AIDE II/SPECIAL ED,9238.00,0.00,449.00,1095.00,9687.00,10782.00,2014,,Laguna Beach Unified,""
Heather Gort,CERT SUB TEACHER,10182.00,0.00,0.00,541.00,10182.00,10723.00,2014,,Laguna Beach Unified,""
Eunice Yi,CERT SUB TEACHER,9856.00,0.00,0.00,715.00,9856.00,10571.00,2014,,Laguna Beach Unified,""
Lauren Ewaniuk,CERT SUB TEACHER,10256.00,0.00,0.00,262.00,10256.00,10518.00,2014,,Laguna Beach Unified,""
Craig Rousselot,CLASSIFIED SUBSTITUTE,9911.00,0.00,0.00,573.00,9911.00,10484.00,2014,,Laguna Beach Unified,""
Mark Lewis,CLASSIFIED SUBSTITUTE,0.00,0.00,10480.00,0.00,10480.00,10480.00,2014,,Laguna Beach Unified,""
Norman Borucki,CERT SUB TEACHER,9884.00,0.00,0.00,0.00,9884.00,9884.00,2014,,Laguna Beach Unified,""
Jennifer Parsons,SCHOOL PSYCHOLOGIST,9019.00,0.00,0.00,744.00,9019.00,9763.00,2014,,Laguna Beach Unified,""
Flora Bahadoran-Feiz,CLASSIFIED SUBSTITUTE,9578.00,0.00,0.00,0.00,9578.00,9578.00,2014,,Laguna Beach Unified,""
Daniel Richards,WALK ON COACH,2200.00,0.00,7360.00,0.00,9560.00,9560.00,2014,,Laguna Beach Unified,""
Jessica Kawecki,NUTRITION SRVCS ASSISTANT I,9541.00,0.00,0.00,0.00,9541.00,9541.00,2014,,Laguna Beach Unified,""
Ruslan Soobzokov,CAMPUS SUPERVISOR,2132.00,0.00,7350.00,0.00,9482.00,9482.00,2014,,Laguna Beach Unified,""
Jeannie Harrell,CLASSIFIED SUBSTITUTE,9348.00,0.00,0.00,0.00,9348.00,9348.00,2014,,Laguna Beach Unified,""
George Lyle,WALK ON COACH,0.00,0.00,9200.00,0.00,9200.00,9200.00,2014,,Laguna Beach Unified,""
Lori Levine,CERT SUB TEACHER,8295.00,0.00,0.00,649.00,8295.00,8944.00,2014,,Laguna Beach Unified,""
Megan Weinert,CAMPUS SUPERVISOR,8416.00,0.00,446.00,0.00,8862.00,8862.00,2014,,Laguna Beach Unified,""
Spencer Harrell,WALK ON COACH,3544.00,0.00,5197.00,0.00,8741.00,8741.00,2014,,Laguna Beach Unified,""
Graciela Mejia-Duran,NUTRITION SRVCS ASSISTANT I,8119.00,0.00,317.00,125.00,8436.00,8561.00,2014,,Laguna Beach Unified,""
Elizabeth Yoder Hale,INSTRUCTION AIDE II/SPECIAL ED,8559.00,0.00,0.00,0.00,8559.00,8559.00,2014,,Laguna Beach Unified,""
Clayton Olivier,WALK ON COACH,0.00,0.00,7680.00,0.00,7680.00,7680.00,2014,,Laguna Beach Unified,""
Kari Johnson,CLASSIFIED SUBSTITUTE,7172.00,0.00,500.00,0.00,7672.00,7672.00,2014,,Laguna Beach Unified,""
Lisa Reyes,CERT SUB TEACHER,7535.00,0.00,0.00,0.00,7535.00,7535.00,2014,,Laguna Beach Unified,""
Douglas Bowman,CLASSIFIED SUBSTITUTE,7468.00,0.00,0.00,0.00,7468.00,7468.00,2014,,Laguna Beach Unified,""
William Rolfing,WALK ON COACH,0.00,0.00,7360.00,0.00,7360.00,7360.00,2014,,Laguna Beach Unified,""
Christopher Stansbury,WALK ON COACH,1316.00,0.00,5760.00,0.00,7076.00,7076.00,2014,,Laguna Beach Unified,""
Beth Weber,CLASSIFIED SUBSTITUTE,6432.00,0.00,500.00,0.00,6932.00,6932.00,2014,,Laguna Beach Unified,""
Robert Fisher,CERT SUB TEACHER,6833.00,0.00,0.00,0.00,6833.00,6833.00,2014,,Laguna Beach Unified,""
Andrea Lorenz,WALK ON COACH,0.00,0.00,6800.00,0.00,6800.00,6800.00,2014,,Laguna Beach Unified,""
Cole Mortland,WALK ON COACH,4496.00,0.00,1999.00,0.00,6495.00,6495.00,2014,,Laguna Beach Unified,""
Diane Bridges,CLASSIFIED SUBSTITUTE,6439.00,0.00,0.00,0.00,6439.00,6439.00,2014,,Laguna Beach Unified,""
Wendy Levanway,CLASSIFIED SUBSTITUTE,6113.00,210.00,0.00,0.00,6323.00,6323.00,2014,,Laguna Beach Unified,""
Melanie Lewis,CERT SUB TEACHER,6255.00,0.00,0.00,0.00,6255.00,6255.00,2014,,Laguna Beach Unified,""
Christina Jans,CERT SUB TEACHER,5758.00,0.00,0.00,459.00,5758.00,6217.00,2014,,Laguna Beach Unified,""
Douglas Mauro,WALK ON COACH,1040.00,0.00,5166.00,0.00,6206.00,6206.00,2014,,Laguna Beach Unified,""
Christopher Johnson,CLASSIFIED SUBSTITUTE,5796.00,0.00,0.00,0.00,5796.00,5796.00,2014,,Laguna Beach Unified,""
Aaron Contreras,INSTRUCTION AIDE II/SPECIAL ED,5029.00,0.00,0.00,717.00,5029.00,5746.00,2014,,Laguna Beach Unified,""
Sanny Mandala,CLASSIFIED SUBSTITUTE,5657.00,0.00,0.00,0.00,5657.00,5657.00,2014,,Laguna Beach Unified,""
Peter Talpash,CERT SUB TEACHER,5048.00,0.00,0.00,448.00,5048.00,5496.00,2014,,Laguna Beach Unified,""
Frederick Gebhardt,WALK ON COACH,2184.00,0.00,3276.00,0.00,5460.00,5460.00,2014,,Laguna Beach Unified,""
Kari Boster,CERT SUB TEACHER,4945.00,0.00,0.00,416.00,4945.00,5361.00,2014,,Laguna Beach Unified,""
Michael Perez,CLASSIFIED SUBSTITUTE,678.00,0.00,4635.00,0.00,5313.00,5313.00,2014,,Laguna Beach Unified,""
Gail Converse,INSTRUCTION AIDE II/SPECIAL ED,4367.00,0.00,467.00,460.00,4834.00,5294.00,2014,,Laguna Beach Unified,""
Colleen Del Pizzo,CLASSIFIED SUBSTITUTE,4825.00,0.00,0.00,375.00,4825.00,5200.00,2014,,Laguna Beach Unified,""
Christopher Marshall,CLASS PROFESSIONAL EXPERT,2500.00,0.00,2500.00,0.00,5000.00,5000.00,2014,,Laguna Beach Unified,""
Darrien Henning,CLASSIFIED SUBSTITUTE,0.00,0.00,5000.00,0.00,5000.00,5000.00,2014,,Laguna Beach Unified,""
Amy Mcneely,CAMPUS SUPERVISOR,4228.00,0.00,0.00,623.00,4228.00,4851.00,2014,,Laguna Beach Unified,""
Leanna Doring,INSTRUCTION AIDE II/SPECIAL ED,4300.00,0.00,0.00,492.00,4300.00,4792.00,2014,,Laguna Beach Unified,""
Maria Fernandez Sierra,CLASSIFIED SUBSTITUTE,4330.00,0.00,0.00,393.00,4330.00,4723.00,2014,,Laguna Beach Unified,""
Torii Cooper,CLASSIFIED SUBSTITUTE,4515.00,0.00,0.00,0.00,4515.00,4515.00,2014,,Laguna Beach Unified,""
Rudi Vanheydoorn-Moore,CLASSIFIED SUBSTITUTE,500.00,0.00,4000.00,0.00,4500.00,4500.00,2014,,Laguna Beach Unified,""
Mary Luhrs,WALK ON COACH,3696.00,0.00,748.00,0.00,4444.00,4444.00,2014,,Laguna Beach Unified,""
Shannon Lystne,INSTRUCTION AIDE II/SPECIAL ED,4375.00,0.00,0.00,0.00,4375.00,4375.00,2014,,Laguna Beach Unified,""
Sean Quigley,CLASSIFIED SUBSTITUTE,1116.00,0.00,3221.00,0.00,4337.00,4337.00,2014,,Laguna Beach Unified,""
Alisa Cairns,WALK ON COACH,0.00,0.00,4101.00,0.00,4101.00,4101.00,2014,,Laguna Beach Unified,""
Leslie Huff,CLASSIFIED SUBSTITUTE,3723.00,0.00,0.00,272.00,3723.00,3995.00,2014,,Laguna Beach Unified,""
Amy Hitchcock,CLASSIFIED SUBSTITUTE,3911.00,0.00,0.00,0.00,3911.00,3911.00,2014,,Laguna Beach Unified,""
Cassandra Churnside,WALK ON COACH,2000.00,0.00,1800.00,0.00,3800.00,3800.00,2014,,Laguna Beach Unified,""
Krystabelle Rodriguez,CLASSIFIED SUBSTITUTE,3662.00,0.00,0.00,138.00,3662.00,3800.00,2014,,Laguna Beach Unified,""
Justin Rodriguez,CLASSIFIED SUBSTITUTE,3517.00,0.00,0.00,219.00,3517.00,3736.00,2014,,Laguna Beach Unified,""
Edward Mcreynolds,CLASSIFIED SUBSTITUTE,3682.00,0.00,0.00,0.00,3682.00,3682.00,2014,,Laguna Beach Unified,""
Vicky Kostechko,CERT SUB TEACHER,3371.00,0.00,0.00,281.00,3371.00,3652.00,2014,,Laguna Beach Unified,""
Philip Barker,CLASSIFIED SUBSTITUTE,3594.00,0.00,0.00,0.00,3594.00,3594.00,2014,,Laguna Beach Unified,""
Hobart Taylor Iii,CERT SUB TEACHER,3305.00,0.00,0.00,242.00,3305.00,3547.00,2014,,Laguna Beach Unified,""
Brooke Marino,WALK ON COACH,2968.00,0.00,530.00,0.00,3498.00,3498.00,2014,,Laguna Beach Unified,""
Tricia Engel,CLASSIFIED SUBSTITUTE,3240.00,0.00,0.00,207.00,3240.00,3447.00,2014,,Laguna Beach Unified,""
Elaine Brashier,CERT SUB TEACHER,3158.00,0.00,0.00,264.00,3158.00,3422.00,2014,,Laguna Beach Unified,""
Cynthia Kimball,WORKABILITY I EMPLOYMENT TECH,2254.00,0.00,0.00,1145.00,2254.00,3399.00,2014,,Laguna Beach Unified,""
Kathy Kahn,CLASSIFIED SUBSTITUTE,1098.00,0.00,2300.00,0.00,3398.00,3398.00,2014,,Laguna Beach Unified,""
Carol Hovsepian,CERT SUB TEACHER,3395.00,0.00,0.00,0.00,3395.00,3395.00,2014,,Laguna Beach Unified,""
Christopher Duncan,WALK ON COACH,1664.00,0.00,1730.00,0.00,3394.00,3394.00,2014,,Laguna Beach Unified,""
Aman Bhatia,CLASSIFIED SUBSTITUTE,3275.00,0.00,0.00,0.00,3275.00,3275.00,2014,,Laguna Beach Unified,""
Julie Malley,WALK ON COACH,1040.00,0.00,2217.00,0.00,3257.00,3257.00,2014,,Laguna Beach Unified,""
Lance Peterson,WALK ON COACH,2080.00,0.00,1124.00,0.00,3204.00,3204.00,2014,,Laguna Beach Unified,""
Charles White Jr,INSTRUCTION AIDE II/SPECIAL ED,3190.00,0.00,0.00,0.00,3190.00,3190.00,2014,,Laguna Beach Unified,""
Tarquin Stephenson,WALK ON COACH,0.00,0.00,3185.00,0.00,3185.00,3185.00,2014,,Laguna Beach Unified,""
Harry Gahagen Jr,WALK ON COACH,0.00,0.00,3185.00,0.00,3185.00,3185.00,2014,,Laguna Beach Unified,""
Christopher Costley,CERT SUB TEACHER,2905.00,0.00,0.00,243.00,2905.00,3148.00,2014,,Laguna Beach Unified,""
Elizabeth Cheney,CLASSIFIED SUBSTITUTE,2780.00,0.00,0.00,249.00,2780.00,3029.00,2014,,Laguna Beach Unified,""
Jose Garcia Moreno,CLASSIFIED SUBSTITUTE,2705.00,0.00,0.00,314.00,2705.00,3019.00,2014,,Laguna Beach Unified,""
Loretta Peterson,CERT SUB TEACHER,2948.00,0.00,0.00,30.00,2948.00,2978.00,2014,,Laguna Beach Unified,""
Austin Strain,CLASSIFIED SUBSTITUTE,2932.00,0.00,0.00,0.00,2932.00,2932.00,2014,,Laguna Beach Unified,""
Ismael Gonzalez-Aispuro,CLASSIFIED SUBSTITUTE,2572.00,0.00,0.00,296.00,2572.00,2868.00,2014,,Laguna Beach Unified,""
Richard Sikorski,CERT SUB TEACHER,2484.00,0.00,0.00,213.00,2484.00,2697.00,2014,,Laguna Beach Unified,""
Celena Marie Delpizzo Howell,CERT SUB TEACHER,440.00,0.00,2240.00,0.00,2680.00,2680.00,2014,,Laguna Beach Unified,""
Cyrus Hwang,ELEMENTARY MUSIC TEACHER,2440.00,0.00,0.00,217.00,2440.00,2657.00,2014,,Laguna Beach Unified,""
Jacob Bach,CLASSIFIED SUBSTITUTE,2446.00,0.00,0.00,206.00,2446.00,2652.00,2014,,Laguna Beach Unified,""
Leann Alduenda,CLASS PROFESSIONAL EXPERT,151.00,0.00,2500.00,0.00,2651.00,2651.00,2014,,Laguna Beach Unified,""
Deborah Daking,CLASSIFIED SUBSTITUTE,2634.00,0.00,0.00,0.00,2634.00,2634.00,2014,,Laguna Beach Unified,""
Erika Fernandez,CLASSIFIED SUBSTITUTE,53.00,0.00,2550.00,0.00,2603.00,2603.00,2014,,Laguna Beach Unified,""
Marco Mejia Rodriguez,CLASSIFIED SUBSTITUTE,2600.00,0.00,0.00,0.00,2600.00,2600.00,2014,,Laguna Beach Unified,""
Nicole Montinola,CLASSIFIED SUBSTITUTE,0.00,0.00,2575.00,0.00,2575.00,2575.00,2014,,Laguna Beach Unified,""
Claire Hoose,CERT SUB TEACHER,2360.00,0.00,0.00,210.00,2360.00,2570.00,2014,,Laguna Beach Unified,""
Alexandra Rieckhoff,WALK ON COACH,0.00,0.00,2516.00,0.00,2516.00,2516.00,2014,,Laguna Beach Unified,""
Benjamin Arroyo,WALK ON COACH,1560.00,0.00,950.00,0.00,2510.00,2510.00,2014,,Laguna Beach Unified,""
Julie Stevens,CLASS PROFESSIONAL EXPERT,2000.00,0.00,500.00,0.00,2500.00,2500.00,2014,,Laguna Beach Unified,""
Brandon Lewis,WALK ON COACH,0.00,0.00,2500.00,0.00,2500.00,2500.00,2014,,Laguna Beach Unified,""
Melissa Springer,CLASSIFIED SUBSTITUTE,2475.00,0.00,0.00,0.00,2475.00,2475.00,2014,,Laguna Beach Unified,""
Romaine Friesen,CERT SUB TEACHER,2423.00,0.00,0.00,0.00,2423.00,2423.00,2014,,Laguna Beach Unified,""
Wendy Rogers,CLASSIFIED SUBSTITUTE,2259.00,0.00,0.00,162.00,2259.00,2421.00,2014,,Laguna Beach Unified,""
Michael Pritchard,CLASSIFIED SUBSTITUTE,2352.00,0.00,0.00,0.00,2352.00,2352.00,2014,,Laguna Beach Unified,""
Jefferey Reardon,CLASSIFIED SUBSTITUTE,2025.00,47.00,0.00,237.00,2072.00,2309.00,2014,,Laguna Beach Unified,""
Thomas Murphy,CLASSIFIED SUBSTITUTE,2106.00,0.00,0.00,183.00,2106.00,2289.00,2014,,Laguna Beach Unified,""
Daniel Pask,WALK ON COACH,1177.00,0.00,1102.00,0.00,2279.00,2279.00,2014,,Laguna Beach Unified,""
Sorah Myung,CLASSIFIED SUBSTITUTE,2239.00,0.00,0.00,0.00,2239.00,2239.00,2014,,Laguna Beach Unified,""
Catherine Mclean,CERT SUB TEACHER,2144.00,0.00,0.00,78.00,2144.00,2222.00,2014,,Laguna Beach Unified,""
Fernando Chavez,WALK ON COACH,0.00,0.00,2185.00,0.00,2185.00,2185.00,2014,,Laguna Beach Unified,""
Alexander Hutchison,WALK ON COACH,0.00,0.00,2185.00,0.00,2185.00,2185.00,2014,,Laguna Beach Unified,""
Eric Peruzzi,WALK ON COACH,2184.00,0.00,0.00,0.00,2184.00,2184.00,2014,,Laguna Beach Unified,""
Bradford Charlton,CERT SUB TEACHER,1976.00,0.00,0.00,163.00,1976.00,2139.00,2014,,Laguna Beach Unified,""
Jennifer Rose,CLASSIFIED SUBSTITUTE,2125.00,0.00,0.00,0.00,2125.00,2125.00,2014,,Laguna Beach Unified,""
Deborah Chop,WALK ON COACH,2080.00,0.00,0.00,0.00,2080.00,2080.00,2014,,Laguna Beach Unified,""
Nicole Clark,WALK ON COACH,2059.00,0.00,0.00,0.00,2059.00,2059.00,2014,,Laguna Beach Unified,""
Nathan Mcconnell,WALK ON COACH,0.00,0.00,2040.00,0.00,2040.00,2040.00,2014,,Laguna Beach Unified,""
Raquelle Basto,CLASSIFIED SUBSTITUTE,2000.00,0.00,0.00,0.00,2000.00,2000.00,2014,,Laguna Beach Unified,""
Chad Chop,WALK ON COACH,2000.00,0.00,0.00,0.00,2000.00,2000.00,2014,,Laguna Beach Unified,""
Miguel Cruz,CLASSIFIED SUBSTITUTE,1958.00,0.00,0.00,0.00,1958.00,1958.00,2014,,Laguna Beach Unified,""
Franz Guldner,WALK ON COACH,0.00,0.00,1900.00,0.00,1900.00,1900.00,2014,,Laguna Beach Unified,""
Jose Sanchez Aparicio,WALK ON COACH,1900.00,0.00,0.00,0.00,1900.00,1900.00,2014,,Laguna Beach Unified,""
Jill Strom,CLASSIFIED SUBSTITUTE,1755.00,0.00,0.00,135.00,1755.00,1890.00,2014,,Laguna Beach Unified,""
Katayoon Setodehnia,CLASSIFIED SUBSTITUTE,1768.00,0.00,0.00,117.00,1768.00,1885.00,2014,,Laguna Beach Unified,""
Chad Concolino,WALK ON COACH,0.00,0.00,1880.00,0.00,1880.00,1880.00,2014,,Laguna Beach Unified,""
Anthony Sanclair,CLASSIFIED SUBSTITUTE,1751.00,0.00,0.00,122.00,1751.00,1873.00,2014,,Laguna Beach Unified,""
Robert Reinhorn,WALK ON COACH,1872.00,0.00,0.00,0.00,1872.00,1872.00,2014,,Laguna Beach Unified,""
Daniel Harrison,WALK ON COACH,0.00,0.00,1800.00,0.00,1800.00,1800.00,2014,,Laguna Beach Unified,""
Edward Ornelas,WALK ON COACH,0.00,0.00,1766.00,0.00,1766.00,1766.00,2014,,Laguna Beach Unified,""
Darris Davis-Gorman,WALK ON COACH,1700.00,0.00,0.00,0.00,1700.00,1700.00,2014,,Laguna Beach Unified,""
Ryan Taylor,WALK ON COACH,0.00,0.00,1685.00,0.00,1685.00,1685.00,2014,,Laguna Beach Unified,""
Anne Dice,CERT SUB TEACHER,1650.00,0.00,0.00,0.00,1650.00,1650.00,2014,,Laguna Beach Unified,""
Paul Mcmanus,CERT SUB TEACHER,1452.00,0.00,0.00,115.00,1452.00,1567.00,2014,,Laguna Beach Unified,""
Albert Beeler,WALK ON COACH,1560.00,0.00,0.00,0.00,1560.00,1560.00,2014,,Laguna Beach Unified,""
Kristin Bacina,CLASSIFIED SUBSTITUTE,1470.00,0.00,0.00,87.00,1470.00,1557.00,2014,,Laguna Beach Unified,""
Robert Vaughan,CLASSIFIED SUBSTITUTE,1446.00,0.00,0.00,11.00,1446.00,1457.00,2014,,Laguna Beach Unified,""
Jonathan Lin,CLASSIFIED SUBSTITUTE,1398.00,0.00,0.00,0.00,1398.00,1398.00,2014,,Laguna Beach Unified,""
Zachary Cooper,CLASSIFIED SUBSTITUTE,1278.00,0.00,0.00,95.00,1278.00,1373.00,2014,,Laguna Beach Unified,""
Carmynn Crites,CERT SUB TEACHER,1262.00,0.00,0.00,104.00,1262.00,1366.00,2014,,Laguna Beach Unified,""
Rosario Barnett,CLASSIFIED SUBSTITUTE,1266.00,0.00,0.00,82.00,1266.00,1348.00,2014,,Laguna Beach Unified,""
Pamela Schick,CERT SUB TEACHER,1239.00,0.00,0.00,88.00,1239.00,1327.00,2014,,Laguna Beach Unified,""
Yadhira Rojas,TEACHER ON SPECIAL ASSIGNMENT,1191.00,0.00,0.00,106.00,1191.00,1297.00,2014,,Laguna Beach Unified,""
Elizabeth Smith,CLASSIFIED SUBSTITUTE,1180.00,0.00,0.00,86.00,1180.00,1266.00,2014,,Laguna Beach Unified,""
Lisa Pitz,CLASSIFIED SUBSTITUTE,1260.00,0.00,0.00,0.00,1260.00,1260.00,2014,,Laguna Beach Unified,""
Michelle Wolfshagen,CLASSIFIED SUBSTITUTE,1210.00,0.00,0.00,0.00,1210.00,1210.00,2014,,Laguna Beach Unified,""
John Berz,CLASSIFIED SUBSTITUTE,1115.00,0.00,0.00,93.00,1115.00,1208.00,2014,,Laguna Beach Unified,""
Paul Byrns,CLASSIFIED SUBSTITUTE,1142.00,0.00,0.00,50.00,1142.00,1192.00,2014,,Laguna Beach Unified,""
Diane Kloke,CERT SUB TEACHER,1134.00,0.00,0.00,0.00,1134.00,1134.00,2014,,Laguna Beach Unified,""
Matthew Turnbull,WALK ON COACH,1131.00,0.00,0.00,0.00,1131.00,1131.00,2014,,Laguna Beach Unified,""
Amanda Sylvia,WALK ON COACH,0.00,0.00,1059.00,0.00,1059.00,1059.00,2014,,Laguna Beach Unified,""
Courtney Hamchuk,WALK ON COACH,0.00,0.00,1059.00,0.00,1059.00,1059.00,2014,,Laguna Beach Unified,""
Max Kuhr,CLASSIFIED SUBSTITUTE,1045.00,0.00,0.00,0.00,1045.00,1045.00,2014,,Laguna Beach Unified,""
Diana Lloyd,CLASSIFIED SUBSTITUTE,1030.00,0.00,0.00,0.00,1030.00,1030.00,2014,,Laguna Beach Unified,""
Meg Marcum,CERT SUB TEACHER,945.00,0.00,0.00,84.00,945.00,1029.00,2014,,Laguna Beach Unified,""
Marla Friedler,CLASSIFIED SUBSTITUTE,930.00,0.00,0.00,68.00,930.00,998.00,2014,,Laguna Beach Unified,""
Lawrence Ball,CLASSIFIED SUBSTITUTE,945.00,0.00,0.00,44.00,945.00,989.00,2014,,Laguna Beach Unified,""
Victoria Rivett,CLASSIFIED SUBSTITUTE,911.00,0.00,0.00,28.00,911.00,939.00,2014,,Laguna Beach Unified,""
Dana Crawley,WALK ON COACH,0.00,0.00,840.00,0.00,840.00,840.00,2014,,Laguna Beach Unified,""
Jordan Valencia,CLASSIFIED SUBSTITUTE,724.00,0.00,0.00,83.00,724.00,807.00,2014,,Laguna Beach Unified,""
Lillian Jones,CLASSIFIED SUBSTITUTE,795.00,0.00,0.00,0.00,795.00,795.00,2014,,Laguna Beach Unified,""
Mary Dorsey,CLASSIFIED SUBSTITUTE,745.00,0.00,0.00,37.00,745.00,782.00,2014,,Laguna Beach Unified,""
Kay Reinhardt,CLASSIFIED SUBSTITUTE,714.00,0.00,0.00,50.00,714.00,764.00,2014,,Laguna Beach Unified,""
Camille Borges,WALK ON COACH,0.00,0.00,735.00,0.00,735.00,735.00,2014,,Laguna Beach Unified,""
Willa Lang,CLASSIFIED SUBSTITUTE,735.00,0.00,0.00,0.00,735.00,735.00,2014,,Laguna Beach Unified,""
Lura Hills,WALK ON COACH,131.00,0.00,591.00,0.00,722.00,722.00,2014,,Laguna Beach Unified,""
Kateryna Oneill,WALK ON COACH,0.00,0.00,720.00,0.00,720.00,720.00,2014,,Laguna Beach Unified,""
Darrien Burwell,CLASSIFIED SUBSTITUTE,720.00,0.00,0.00,0.00,720.00,720.00,2014,,Laguna Beach Unified,""
Stacie Rauch,CLASSIFIED SUBSTITUTE,711.00,0.00,0.00,0.00,711.00,711.00,2014,,Laguna Beach Unified,""
Allison Satchell,CLASSIFIED SUBSTITUTE,655.00,0.00,0.00,34.00,655.00,689.00,2014,,Laguna Beach Unified,""
Katie Kirkpatrick,CERT SUB TEACHER,630.00,0.00,0.00,53.00,630.00,683.00,2014,,Laguna Beach Unified,""
Jin Baik,CERT SUB TEACHER,630.00,0.00,0.00,52.00,630.00,682.00,2014,,Laguna Beach Unified,""
Sediqa Nazari,CLASSIFIED SUBSTITUTE,630.00,0.00,0.00,52.00,630.00,682.00,2014,,Laguna Beach Unified,""
Cielle Summy,CLASSIFIED SUBSTITUTE,590.00,0.00,0.00,49.00,590.00,639.00,2014,,Laguna Beach Unified,""
Tristen Nolan,STUDENT WORKER,636.00,0.00,0.00,0.00,636.00,636.00,2014,,Laguna Beach Unified,""
Joy Stoltenberg,CERT SUB TEACHER,590.00,0.00,0.00,40.00,590.00,630.00,2014,,Laguna Beach Unified,""
Peter Tiner,CERT SUB TEACHER,611.00,0.00,0.00,0.00,611.00,611.00,2014,,Laguna Beach Unified,""
Maggie Newton-Neal,CERT SUB TEACHER,525.00,0.00,0.00,47.00,525.00,572.00,2014,,Laguna Beach Unified,""
Matthew Cipolla,CERT SUB TEACHER,441.00,0.00,0.00,39.00,441.00,480.00,2014,,Laguna Beach Unified,""
Steven Merrick,CERT SUB TEACHER,441.00,0.00,0.00,36.00,441.00,477.00,2014,,Laguna Beach Unified,""
Anna Law,STUDENT WORKER,468.00,0.00,0.00,0.00,468.00,468.00,2014,,Laguna Beach Unified,""
Sean Skellett,CLASSIFIED SUBSTITUTE,420.00,0.00,0.00,28.00,420.00,448.00,2014,,Laguna Beach Unified,""
Ann Hampton,CLASSIFIED SUBSTITUTE,409.00,0.00,0.00,0.00,409.00,409.00,2014,,Laguna Beach Unified,""
Meaghan Abraham,CLASSIFIED SUBSTITUTE,380.00,0.00,0.00,23.00,380.00,403.00,2014,,Laguna Beach Unified,""
Nikki Duplisea,"INSTR AIDE II, PHYS ED",394.00,0.00,0.00,0.00,394.00,394.00,2014,,Laguna Beach Unified,""
Fernando Ayala,CERT SUB TEACHER,336.00,0.00,0.00,28.00,336.00,364.00,2014,,Laguna Beach Unified,""
Charles Hemsley,CERT SUB TEACHER,336.00,0.00,0.00,28.00,336.00,364.00,2014,,Laguna Beach Unified,""
Vicent Hamasaki,CLASSIFIED SUBSTITUTE,315.00,0.00,0.00,34.00,315.00,349.00,2014,,Laguna Beach Unified,""
Beth Sonne,CLASSIFIED SUBSTITUTE,340.00,0.00,0.00,6.00,340.00,346.00,2014,,Laguna Beach Unified,""
Nicole Arnold,CERT SUB TEACHER,315.00,0.00,0.00,26.00,315.00,341.00,2014,,Laguna Beach Unified,""
Luis Villagomez,CLASSIFIED SUBSTITUTE,339.00,0.00,0.00,0.00,339.00,339.00,2014,,Laguna Beach Unified,""
Leopold Llamas,CLASSIFIED SUBSTITUTE,336.00,0.00,0.00,0.00,336.00,336.00,2014,,Laguna Beach Unified,""
Heather Fitzgerald,CLASSIFIED SUBSTITUTE,315.00,0.00,0.00,9.00,315.00,324.00,2014,,Laguna Beach Unified,""
Tammie Paisley,CLASSIFIED SUBSTITUTE,296.00,0.00,0.00,19.00,296.00,315.00,2014,,Laguna Beach Unified,""
Va Staskowski,CLASSIFIED SUBSTITUTE,315.00,0.00,0.00,0.00,315.00,315.00,2014,,Laguna Beach Unified,""
Rachael Anderson,CERT SUB TEACHER,275.00,0.00,0.00,23.00,275.00,298.00,2014,,Laguna Beach Unified,""
Leslie Renwick,CLASSIFIED SUBSTITUTE,292.00,0.00,0.00,0.00,292.00,292.00,2014,,Laguna Beach Unified,""
Kyle Hedden,STUDENT WORKER,291.00,0.00,0.00,0.00,291.00,291.00,2014,,Laguna Beach Unified,""
Pierre Masson,WALK ON COACH,0.00,0.00,260.00,0.00,260.00,260.00,2014,,Laguna Beach Unified,""
Paula Forino,CLASSIFIED SUBSTITUTE,247.00,0.00,0.00,0.00,247.00,247.00,2014,,Laguna Beach Unified,""
Joseph Henson,CERT SUB TEACHER,210.00,0.00,0.00,19.00,210.00,229.00,2014,,Laguna Beach Unified,""
Lana Sawalha,CERT SUB TEACHER,210.00,0.00,0.00,19.00,210.00,229.00,2014,,Laguna Beach Unified,""
Heather Schwartzburg,CERT SUB TEACHER,210.00,0.00,0.00,19.00,210.00,229.00,2014,,Laguna Beach Unified,""
James Jacobs,CERT SUB TEACHER,210.00,0.00,0.00,17.00,210.00,227.00,2014,,Laguna Beach Unified,""
Sarah Kang,CERT SUB TEACHER,210.00,0.00,0.00,17.00,210.00,227.00,2014,,Laguna Beach Unified,""
Harold Day,CERT SUB TEACHER,170.00,0.00,0.00,0.00,170.00,170.00,2014,,Laguna Beach Unified,""
Virginia Villa,CERT SUB TEACHER,170.00,0.00,0.00,0.00,170.00,170.00,2014,,Laguna Beach Unified,""
Jeanne Mellor,CERT SUB TEACHER,105.00,0.00,0.00,9.00,105.00,114.00,2014,,Laguna Beach Unified,""
Courtney Larson,CERT SUB TEACHER,105.00,0.00,0.00,9.00,105.00,114.00,2014,,Laguna Beach Unified,""
Jacqueline Cohn,CERT SUB TEACHER,105.00,0.00,0.00,9.00,105.00,114.00,2014,,Laguna Beach Unified,""
Fatemeh Vaziri,CERT SUB TEACHER,105.00,0.00,0.00,9.00,105.00,114.00,2014,,Laguna Beach Unified,""
Pat Lyons,INSTRUCTION AIDE II/SPECIAL ED,112.00,0.00,0.00,0.00,112.00,112.00,2014,,Laguna Beach Unified,""
Carolyn Darrup,CERT SUB TEACHER,105.00,0.00,0.00,0.00,105.00,105.00,2014,,Laguna Beach Unified,""
Stephanie Stevens-Brock,CLASSIFIED SUBSTITUTE,105.00,0.00,0.00,0.00,105.00,105.00,2014,,Laguna Beach Unified,""
Kyra Pitt,CLASSIFIED SUBSTITUTE,98.00,0.00,0.00,0.00,98.00,98.00,2014,,Laguna Beach Unified,""
Sandra Champommier,CLASSIFIED SUBSTITUTE,92.00,0.00,0.00,0.00,92.00,92.00,2014,,Laguna Beach Unified,""
Taressa Dickerson,INSTRUCTION AIDE II/SPECIAL ED,65.00,0.00,0.00,5.00,65.00,70.00,2014,,Laguna Beach Unified,""
Jeffrey Sears,CLASSIFIED SUBSTITUTE,56.00,0.00,0.00,0.00,56.00,56.00,2014,,Laguna Beach Unified,""
